[
  {
    "platform" : "ANDROID_ARM",
    "searchTime" : "2022-08-30T06:41:38.437Z[UTC]",
    "searchQuery" : "pink",
    "searchInteractionURIs" : [
    ]
  },
  {
    "platform" : "ANDROID",
    "searchTime" : "2022-08-30T06:41:41.609Z[UTC]",
    "searchQuery" : "pin",
    "searchInteractionURIs" : [
      "spotify:artist:0k17h0D3J5VfsdmQ1iZtE9"
    ]
  },
  {
    "platform" : "OSX_X86_64",
    "searchTime" : "2022-08-31T11:13:30.982Z[UTC]",
    "searchQuery" : "s",
    "searchInteractionURIs" : [
    ]
  },
  {
    "platform" : "OSX_X86_64",
    "searchTime" : "2022-08-31T12:21:40.721Z[UTC]",
    "searchQuery" : "organic",
    "searchInteractionURIs" : [
    ]
  },
  {
    "platform" : "OSX_X86_64",
    "searchTime" : "2022-08-31T20:22:07.926Z[UTC]",
    "searchQuery" : "no talkinng ",
    "searchInteractionURIs" : [
    ]
  },
  {
    "platform" : "OSX_X86_64",
    "searchTime" : "2022-08-31T20:22:11.476Z[UTC]",
    "searchQuery" : "no talkinng phil",
    "searchInteractionURIs" : [
    ]
  },
  {
    "platform" : "OSX_X86_64",
    "searchTime" : "2022-08-31T20:22:31.039Z[UTC]",
    "searchQuery" : "no talking phil",
    "searchInteractionURIs" : [
    ]
  },
  {
    "platform" : "OSX_X86_64",
    "searchTime" : "2022-08-31T20:27:22.101Z[UTC]",
    "searchQuery" : "dre",
    "searchInteractionURIs" : [
    ]
  },
  {
    "platform" : "OSX_X86_64",
    "searchTime" : "2022-09-01T09:14:00.271Z[UTC]",
    "searchQuery" : "ja",
    "searchInteractionURIs" : [
    ]
  },
  {
    "platform" : "OSX_X86_64",
    "searchTime" : "2022-09-01T09:14:00.973Z[UTC]",
    "searchQuery" : "jazz ",
    "searchInteractionURIs" : [
    ]
  },
  {
    "platform" : "OSX_X86_64",
    "searchTime" : "2022-09-01T09:14:01.062Z[UTC]",
    "searchQuery" : "jazz ",
    "searchInteractionURIs" : [
    ]
  },
  {
    "platform" : "OSX_X86_64",
    "searchTime" : "2022-09-01T09:14:02.876Z[UTC]",
    "searchQuery" : "jazz morning",
    "searchInteractionURIs" : [
    ]
  },
  {
    "platform" : "OSX_X86_64",
    "searchTime" : "2022-09-01T14:02:34.915Z[UTC]",
    "searchQuery" : "ora",
    "searchInteractionURIs" : [
    ]
  },
  {
    "platform" : "ANDROID",
    "searchTime" : "2022-09-01T19:52:49.089Z[UTC]",
    "searchQuery" : "how deep is your love",
    "searchInteractionURIs" : [
      "spotify:track:0loJyuSFr6vVPBQSmLLrrQ"
    ]
  },
  {
    "platform" : "ANDROID_ARM",
    "searchTime" : "2022-09-01T19:58:28.713Z[UTC]",
    "searchQuery" : "too go",
    "searchInteractionURIs" : [
    ]
  },
  {
    "platform" : "ANDROID",
    "searchTime" : "2022-09-01T19:58:30.340Z[UTC]",
    "searchQuery" : "too good",
    "searchInteractionURIs" : [
      "spotify:track:3GP7l2bmXT6T2FNAzERwBr"
    ]
  },
  {
    "platform" : "ANDROID",
    "searchTime" : "2022-09-01T19:59:15.578Z[UTC]",
    "searchQuery" : "l",
    "searchInteractionURIs" : [
    ]
  },
  {
    "platform" : "OSX_X86_64",
    "searchTime" : "2022-09-02T13:37:25.948Z[UTC]",
    "searchQuery" : "che",
    "searchInteractionURIs" : [
    ]
  },
  {
    "platform" : "OSX_X86_64",
    "searchTime" : "2022-09-04T16:08:57.385Z[UTC]",
    "searchQuery" : "poly",
    "searchInteractionURIs" : [
    ]
  },
  {
    "platform" : "OSX_X86_64",
    "searchTime" : "2022-09-04T16:08:59.544Z[UTC]",
    "searchQuery" : "polyph",
    "searchInteractionURIs" : [
    ]
  },
  {
    "platform" : "OSX_X86_64",
    "searchTime" : "2022-09-05T10:56:26.591Z[UTC]",
    "searchQuery" : "morning j",
    "searchInteractionURIs" : [
    ]
  },
  {
    "platform" : "OSX_X86_64",
    "searchTime" : "2022-09-05T10:57:06.432Z[UTC]",
    "searchQuery" : "spotify",
    "searchInteractionURIs" : [
    ]
  },
  {
    "platform" : "OSX_X86_64",
    "searchTime" : "2022-09-05T10:57:30.381Z[UTC]",
    "searchQuery" : "city ja",
    "searchInteractionURIs" : [
    ]
  },
  {
    "platform" : "OSX_X86_64",
    "searchTime" : "2022-09-05T10:57:30.468Z[UTC]",
    "searchQuery" : "city ja",
    "searchInteractionURIs" : [
    ]
  },
  {
    "platform" : "OSX_X86_64",
    "searchTime" : "2022-09-05T10:57:30.805Z[UTC]",
    "searchQuery" : "city jazz",
    "searchInteractionURIs" : [
    ]
  },
  {
    "platform" : "ANDROID",
    "searchTime" : "2022-09-07T13:08:03.943Z[UTC]",
    "searchQuery" : "foil",
    "searchInteractionURIs" : [
      "spotify:track:4ZT5vcmGejiaDvIH9AAIME"
    ]
  },
  {
    "platform" : "OSX_X86_64",
    "searchTime" : "2022-09-07T20:32:49.083Z[UTC]",
    "searchQuery" : "c",
    "searchInteractionURIs" : [
    ]
  },
  {
    "platform" : "OSX_X86_64",
    "searchTime" : "2022-09-07T20:32:49.139Z[UTC]",
    "searchQuery" : "cmp",
    "searchInteractionURIs" : [
    ]
  },
  {
    "platform" : "OSX_X86_64",
    "searchTime" : "2022-09-07T20:53:13.288Z[UTC]",
    "searchQuery" : "wr",
    "searchInteractionURIs" : [
    ]
  },
  {
    "platform" : "OSX_X86_64",
    "searchTime" : "2022-09-07T20:53:13.711Z[UTC]",
    "searchQuery" : "wri",
    "searchInteractionURIs" : [
    ]
  },
  {
    "platform" : "OSX_X86_64",
    "searchTime" : "2022-09-07T20:55:28.787Z[UTC]",
    "searchQuery" : "tarra",
    "searchInteractionURIs" : [
    ]
  },
  {
    "platform" : "OSX_X86_64",
    "searchTime" : "2022-09-07T20:55:28.864Z[UTC]",
    "searchQuery" : "tarra",
    "searchInteractionURIs" : [
    ]
  },
  {
    "platform" : "ANDROID",
    "searchTime" : "2022-09-08T11:38:13.917Z[UTC]",
    "searchQuery" : "money ",
    "searchInteractionURIs" : [
    ]
  },
  {
    "platform" : "ANDROID_ARM",
    "searchTime" : "2022-09-08T16:20:48.180Z[UTC]",
    "searchQuery" : "w",
    "searchInteractionURIs" : [
    ]
  },
  {
    "platform" : "ANDROID",
    "searchTime" : "2022-09-08T16:20:51.198Z[UTC]",
    "searchQuery" : "wall s",
    "searchInteractionURIs" : [
      "spotify:playlist:7pQ5qYYO8eqGm3jEAMqrk4"
    ]
  },
  {
    "platform" : "ANDROID",
    "searchTime" : "2022-09-08T21:20:53.220Z[UTC]",
    "searchQuery" : "new soul",
    "searchInteractionURIs" : [
      "spotify:playlist:37i9dQZF1DX8MbMfAHb8U0"
    ]
  },
  {
    "platform" : "ANDROID",
    "searchTime" : "2022-09-08T21:21:42.359Z[UTC]",
    "searchQuery" : "ledisi",
    "searchInteractionURIs" : [
      "spotify:track:7IYV3GN411W65phaX3XP6Q"
    ]
  },
  {
    "platform" : "OSX_X86_64",
    "searchTime" : "2022-09-09T09:29:42.714Z[UTC]",
    "searchQuery" : "ja",
    "searchInteractionURIs" : [
    ]
  },
  {
    "platform" : "OSX_X86_64",
    "searchTime" : "2022-09-09T09:29:42.953Z[UTC]",
    "searchQuery" : "jazz",
    "searchInteractionURIs" : [
    ]
  },
  {
    "platform" : "ANDROID",
    "searchTime" : "2022-09-09T18:32:02.368Z[UTC]",
    "searchQuery" : "abc",
    "searchInteractionURIs" : [
      "spotify:album:4NC0LlM8LuF9ol77V63QtJ"
    ]
  },
  {
    "platform" : "ANDROID_ARM",
    "searchTime" : "2022-09-09T18:34:27.676Z[UTC]",
    "searchQuery" : "oliv",
    "searchInteractionURIs" : [
    ]
  },
  {
    "platform" : "ANDROID",
    "searchTime" : "2022-09-09T18:34:27.927Z[UTC]",
    "searchQuery" : "olivia",
    "searchInteractionURIs" : [
      "spotify:artist:1McMsnEElThX1knmY4oliG"
    ]
  },
  {
    "platform" : "ANDROID_ARM",
    "searchTime" : "2022-09-09T18:49:36.158Z[UTC]",
    "searchQuery" : "refom",
    "searchInteractionURIs" : [
    ]
  },
  {
    "platform" : "ANDROID",
    "searchTime" : "2022-09-09T18:49:47.147Z[UTC]",
    "searchQuery" : "refoma den sot",
    "searchInteractionURIs" : [
    ]
  },
  {
    "platform" : "ANDROID_ARM",
    "searchTime" : "2022-09-09T18:49:57.965Z[UTC]",
    "searchQuery" : "den aorte",
    "searchInteractionURIs" : [
    ]
  },
  {
    "platform" : "ANDROID_ARM",
    "searchTime" : "2022-09-09T18:49:59.213Z[UTC]",
    "searchQuery" : "den aorte a",
    "searchInteractionURIs" : [
    ]
  },
  {
    "platform" : "ANDROID_ARM",
    "searchTime" : "2022-09-09T18:50:04.220Z[UTC]",
    "searchQuery" : "den sorte skole",
    "searchInteractionURIs" : [
    ]
  },
  {
    "platform" : "ANDROID",
    "searchTime" : "2022-09-09T18:50:05.592Z[UTC]",
    "searchQuery" : "den sorte skole refo",
    "searchInteractionURIs" : [
      "spotify:track:1VkTfYfzslONS5gXfHPruV"
    ]
  },
  {
    "platform" : "ANDROID",
    "searchTime" : "2022-09-09T18:55:18.837Z[UTC]",
    "searchQuery" : "vision of the apo",
    "searchInteractionURIs" : [
      "spotify:track:28kibbV8VrxkIGwlTui9kV",
      "spotify:track:28kibbV8VrxkIGwlTui9kV",
      "spotify:track:28kibbV8VrxkIGwlTui9kV"
    ]
  },
  {
    "platform" : "ANDROID",
    "searchTime" : "2022-09-09T18:58:04.744Z[UTC]",
    "searchQuery" : "the pot",
    "searchInteractionURIs" : [
      "spotify:track:1lATXTBJDHwawvT1UfxWu3"
    ]
  },
  {
    "platform" : "ANDROID",
    "searchTime" : "2022-09-09T19:18:16.639Z[UTC]",
    "searchQuery" : "kahoot",
    "searchInteractionURIs" : [
      "spotify:track:7IEdlE4ZwzPDxnoWFv10aj",
      "spotify:track:1FyE2WF3QA5d4rTezuKzRd",
      "spotify:episode:65WYrEjRBvM3Gy1XAOOdso"
    ]
  },
  {
    "platform" : "ANDROID_ARM",
    "searchTime" : "2022-09-09T19:18:51.287Z[UTC]",
    "searchQuery" : "kahoot",
    "searchInteractionURIs" : [
    ]
  },
  {
    "platform" : "ANDROID_ARM",
    "searchTime" : "2022-09-09T19:21:58.894Z[UTC]",
    "searchQuery" : "ric",
    "searchInteractionURIs" : [
    ]
  },
  {
    "platform" : "ANDROID_ARM",
    "searchTime" : "2022-09-09T19:21:59.262Z[UTC]",
    "searchQuery" : "richa",
    "searchInteractionURIs" : [
    ]
  },
  {
    "platform" : "ANDROID_ARM",
    "searchTime" : "2022-09-09T19:22:00.606Z[UTC]",
    "searchQuery" : "richard che",
    "searchInteractionURIs" : [
    ]
  },
  {
    "platform" : "ANDROID",
    "searchTime" : "2022-09-09T19:22:00.741Z[UTC]",
    "searchQuery" : "richard chees",
    "searchInteractionURIs" : [
      "spotify:artist:74IIqlVQQmvf04EHOI6yKh"
    ]
  },
  {
    "platform" : "ANDROID_ARM",
    "searchTime" : "2022-09-09T19:22:37.973Z[UTC]",
    "searchQuery" : "richard chees pa",
    "searchInteractionURIs" : [
    ]
  },
  {
    "platform" : "ANDROID",
    "searchTime" : "2022-09-09T19:22:38.220Z[UTC]",
    "searchQuery" : "richard chees panda",
    "searchInteractionURIs" : [
      "spotify:track:5BvTkrRp14fTxsHJRPm7Hm"
    ]
  },
  {
    "platform" : "ANDROID",
    "searchTime" : "2022-09-09T19:24:31.779Z[UTC]",
    "searchQuery" : "richard chees panda",
    "searchInteractionURIs" : [
      "spotify:track:49QyKYmOHhYIb7RMpAY1sY",
      "spotify:track:4udOFK7drN6qDbKeA6FOr6"
    ]
  },
  {
    "platform" : "ANDROID_ARM",
    "searchTime" : "2022-09-09T19:27:57.467Z[UTC]",
    "searchQuery" : "California d",
    "searchInteractionURIs" : [
    ]
  },
  {
    "platform" : "ANDROID",
    "searchTime" : "2022-09-09T19:27:57.478Z[UTC]",
    "searchQuery" : "California dre",
    "searchInteractionURIs" : [
      "spotify:track:1ZEOIhSn6BKErV59bIgn76"
    ]
  },
  {
    "platform" : "ANDROID_ARM",
    "searchTime" : "2022-09-09T19:27:57.532Z[UTC]",
    "searchQuery" : "California dr",
    "searchInteractionURIs" : [
    ]
  },
  {
    "platform" : "ANDROID",
    "searchTime" : "2022-09-09T19:38:06.850Z[UTC]",
    "searchQuery" : "joe ro",
    "searchInteractionURIs" : [
      "spotify:show:4rOoJ6Egrf8K2IrywzwOMk"
    ]
  },
  {
    "platform" : "OSX_X86_64",
    "searchTime" : "2022-09-10T12:26:08.107Z[UTC]",
    "searchQuery" : "he",
    "searchInteractionURIs" : [
    ]
  },
  {
    "platform" : "OSX_X86_64",
    "searchTime" : "2022-09-10T12:26:11.881Z[UTC]",
    "searchQuery" : "hello world ",
    "searchInteractionURIs" : [
    ]
  },
  {
    "platform" : "ANDROID_ARM",
    "searchTime" : "2022-09-10T13:45:02.152Z[UTC]",
    "searchQuery" : "bice",
    "searchInteractionURIs" : [
    ]
  },
  {
    "platform" : "ANDROID",
    "searchTime" : "2022-09-10T13:45:03.363Z[UTC]",
    "searchQuery" : "bicep",
    "searchInteractionURIs" : [
      "spotify:artist:73A3bLnfnz5BoQjb4gNCga"
    ]
  },
  {
    "platform" : "ANDROID_ARM",
    "searchTime" : "2022-09-11T14:26:20.987Z[UTC]",
    "searchQuery" : "sw",
    "searchInteractionURIs" : [
    ]
  },
  {
    "platform" : "ANDROID",
    "searchTime" : "2022-09-11T14:26:33.037Z[UTC]",
    "searchQuery" : "sweet carolina",
    "searchInteractionURIs" : [
    ]
  },
  {
    "platform" : "ANDROID_ARM",
    "searchTime" : "2022-09-11T14:26:42.726Z[UTC]",
    "searchQuery" : "la",
    "searchInteractionURIs" : [
    ]
  },
  {
    "platform" : "ANDROID",
    "searchTime" : "2022-09-11T14:26:43.640Z[UTC]",
    "searchQuery" : "lana d",
    "searchInteractionURIs" : [
    ]
  },
  {
    "platform" : "ANDROID",
    "searchTime" : "2022-09-11T14:26:48.418Z[UTC]",
    "searchQuery" : "sweet lana",
    "searchInteractionURIs" : [
      "spotify:track:1Hezl8gsPpfK3N2by41Wxb"
    ]
  },
  {
    "platform" : "OSX_X86_64",
    "searchTime" : "2022-09-12T12:19:14.837Z[UTC]",
    "searchQuery" : "hosue in the deep",
    "searchInteractionURIs" : [
    ]
  },
  {
    "platform" : "OSX_X86_64",
    "searchTime" : "2022-09-12T14:59:10.632Z[UTC]",
    "searchQuery" : "chsae lb",
    "searchInteractionURIs" : [
    ]
  },
  {
    "platform" : "OSX_X86_64",
    "searchTime" : "2022-09-12T14:59:11.502Z[UTC]",
    "searchQuery" : "chsae lbi",
    "searchInteractionURIs" : [
    ]
  },
  {
    "platform" : "OSX_X86_64",
    "searchTime" : "2022-09-12T14:59:11.895Z[UTC]",
    "searchQuery" : "chsae lb",
    "searchInteractionURIs" : [
    ]
  },
  {
    "platform" : "OSX_X86_64",
    "searchTime" : "2022-09-12T19:24:38.085Z[UTC]",
    "searchQuery" : "e",
    "searchInteractionURIs" : [
    ]
  },
  {
    "platform" : "OSX_X86_64",
    "searchTime" : "2022-09-12T19:24:39.228Z[UTC]",
    "searchQuery" : "fear ",
    "searchInteractionURIs" : [
    ]
  },
  {
    "platform" : "OSX_X86_64",
    "searchTime" : "2022-09-12T19:24:39.825Z[UTC]",
    "searchQuery" : "fear i",
    "searchInteractionURIs" : [
    ]
  },
  {
    "platform" : "OSX_X86_64",
    "searchTime" : "2022-09-13T07:09:37.858Z[UTC]",
    "searchQuery" : "jazz",
    "searchInteractionURIs" : [
    ]
  },
  {
    "platform" : "OSX_X86_64",
    "searchTime" : "2022-09-13T07:15:27.094Z[UTC]",
    "searchQuery" : "uj",
    "searchInteractionURIs" : [
    ]
  },
  {
    "platform" : "OSX_X86_64",
    "searchTime" : "2022-09-13T07:15:28.858Z[UTC]",
    "searchQuery" : "uk j",
    "searchInteractionURIs" : [
    ]
  },
  {
    "platform" : "ANDROID",
    "searchTime" : "2022-09-13T17:51:44.672Z[UTC]",
    "searchQuery" : "byob",
    "searchInteractionURIs" : [
      "spotify:track:0EYOdF5FCkgOJJla8DI2Md"
    ]
  },
  {
    "platform" : "ANDROID_ARM",
    "searchTime" : "2022-09-14T19:04:08.102Z[UTC]",
    "searchQuery" : "a",
    "searchInteractionURIs" : [
    ]
  },
  {
    "platform" : "ANDROID",
    "searchTime" : "2022-09-14T19:04:11.157Z[UTC]",
    "searchQuery" : "and the company ",
    "searchInteractionURIs" : [
    ]
  },
  {
    "platform" : "ANDROID_ARM",
    "searchTime" : "2022-09-14T19:04:20.786Z[UTC]",
    "searchQuery" : "and the compa",
    "searchInteractionURIs" : [
    ]
  },
  {
    "platform" : "ANDROID_ARM",
    "searchTime" : "2022-09-14T19:04:21.432Z[UTC]",
    "searchQuery" : "and the ",
    "searchInteractionURIs" : [
    ]
  },
  {
    "platform" : "ANDROID_ARM",
    "searchTime" : "2022-09-14T19:04:21.982Z[UTC]",
    "searchQuery" : "and t",
    "searchInteractionURIs" : [
    ]
  },
  {
    "platform" : "OSX_X86_64",
    "searchTime" : "2022-09-15T12:42:10.837Z[UTC]",
    "searchQuery" : "hosue in",
    "searchInteractionURIs" : [
    ]
  },
  {
    "platform" : "OSX_X86_64",
    "searchTime" : "2022-09-15T12:42:15.683Z[UTC]",
    "searchQuery" : "hosue in the ",
    "searchInteractionURIs" : [
    ]
  },
  {
    "platform" : "OSX_X86_64",
    "searchTime" : "2022-09-15T12:42:19.914Z[UTC]",
    "searchQuery" : "huis in ",
    "searchInteractionURIs" : [
    ]
  },
  {
    "platform" : "OSX_X86_64",
    "searchTime" : "2022-09-16T08:36:20.430Z[UTC]",
    "searchQuery" : "wa",
    "searchInteractionURIs" : [
    ]
  },
  {
    "platform" : "OSX_X86_64",
    "searchTime" : "2022-09-19T11:05:23.765Z[UTC]",
    "searchQuery" : "sui",
    "searchInteractionURIs" : [
    ]
  },
  {
    "platform" : "OSX_X86_64",
    "searchTime" : "2022-09-20T14:28:33.556Z[UTC]",
    "searchQuery" : "flicke",
    "searchInteractionURIs" : [
    ]
  },
  {
    "platform" : "ANDROID_ARM",
    "searchTime" : "2022-09-20T17:07:49.120Z[UTC]",
    "searchQuery" : "f",
    "searchInteractionURIs" : [
    ]
  },
  {
    "platform" : "ANDROID",
    "searchTime" : "2022-09-20T17:07:52.270Z[UTC]",
    "searchQuery" : "foils",
    "searchInteractionURIs" : [
      "spotify:track:4ZT5vcmGejiaDvIH9AAIME"
    ]
  },
  {
    "platform" : "OSX_X86_64",
    "searchTime" : "2022-09-21T17:57:53.833Z[UTC]",
    "searchQuery" : "gar",
    "searchInteractionURIs" : [
    ]
  },
  {
    "platform" : "OSX_X86_64",
    "searchTime" : "2022-09-21T17:57:59.426Z[UTC]",
    "searchQuery" : "gary walis",
    "searchInteractionURIs" : [
    ]
  },
  {
    "platform" : "OSX_X86_64",
    "searchTime" : "2022-09-21T18:00:05.228Z[UTC]",
    "searchQuery" : "polyph",
    "searchInteractionURIs" : [
    ]
  },
  {
    "platform" : "ANDROID_ARM",
    "searchTime" : "2022-09-23T19:26:16.567Z[UTC]",
    "searchQuery" : "a li",
    "searchInteractionURIs" : [
    ]
  },
  {
    "platform" : "ANDROID_ARM",
    "searchTime" : "2022-09-23T19:26:17.920Z[UTC]",
    "searchQuery" : "a little sam",
    "searchInteractionURIs" : [
    ]
  },
  {
    "platform" : "ANDROID",
    "searchTime" : "2022-09-23T19:26:22.344Z[UTC]",
    "searchQuery" : "a little samba",
    "searchInteractionURIs" : [
      "spotify:track:4ehxpTDy3YOa1Dx7vSK14y"
    ]
  },
  {
    "platform" : "ANDROID_ARM",
    "searchTime" : "2022-09-23T19:26:59.557Z[UTC]",
    "searchQuery" : "water",
    "searchInteractionURIs" : [
    ]
  },
  {
    "platform" : "ANDROID_ARM",
    "searchTime" : "2022-09-23T19:26:59.685Z[UTC]",
    "searchQuery" : "water ",
    "searchInteractionURIs" : [
    ]
  },
  {
    "platform" : "ANDROID",
    "searchTime" : "2022-09-23T19:27:04.875Z[UTC]",
    "searchQuery" : "water slide",
    "searchInteractionURIs" : [
      "spotify:track:64lpVs96RjlybHiwAgb0HL"
    ]
  },
  {
    "platform" : "ANDROID_ARM",
    "searchTime" : "2022-09-23T19:27:21.756Z[UTC]",
    "searchQuery" : "loo",
    "searchInteractionURIs" : [
    ]
  },
  {
    "platform" : "ANDROID",
    "searchTime" : "2022-09-23T19:27:29.428Z[UTC]",
    "searchQuery" : "loop prisoner",
    "searchInteractionURIs" : [
      "spotify:track:0okD0IsoZdhpfrI2q0gC6D"
    ]
  },
  {
    "platform" : "ANDROID",
    "searchTime" : "2022-09-23T19:33:25.647Z[UTC]",
    "searchQuery" : "bluebird",
    "searchInteractionURIs" : [
      "spotify:track:1MvH3FdvO17S2eQ4IeNRCo"
    ]
  },
  {
    "platform" : "ANDROID",
    "searchTime" : "2022-09-23T19:33:41.944Z[UTC]",
    "searchQuery" : "lovestone",
    "searchInteractionURIs" : [
      "spotify:track:3dq3nRBGMcXmfY4iC6Jess"
    ]
  },
  {
    "platform" : "ANDROID",
    "searchTime" : "2022-09-23T19:34:08.310Z[UTC]",
    "searchQuery" : "floatin",
    "searchInteractionURIs" : [
      "spotify:track:7J7F98kmOqMNwCt72Xm0q1"
    ]
  },
  {
    "platform" : "ANDROID_ARM",
    "searchTime" : "2022-09-23T21:01:35.335Z[UTC]",
    "searchQuery" : "logi",
    "searchInteractionURIs" : [
    ]
  },
  {
    "platform" : "ANDROID",
    "searchTime" : "2022-09-23T21:01:39.730Z[UTC]",
    "searchQuery" : "logic",
    "searchInteractionURIs" : [
      "spotify:artist:4xRYI6VqpkE3UwrDrAZL8L"
    ]
  },
  {
    "platform" : "ANDROID",
    "searchTime" : "2022-09-24T16:01:45.436Z[UTC]",
    "searchQuery" : "madru",
    "searchInteractionURIs" : [
      "spotify:artist:0iC8O5ABswVUFiYwM94bu3"
    ]
  },
  {
    "platform" : "OSX_X86_64",
    "searchTime" : "2022-09-26T12:47:16.639Z[UTC]",
    "searchQuery" : "amph",
    "searchInteractionURIs" : [
    ]
  },
  {
    "platform" : "ANDROID",
    "searchTime" : "2022-09-26T12:53:41.125Z[UTC]",
    "searchQuery" : "bic",
    "searchInteractionURIs" : [
      "spotify:artist:73A3bLnfnz5BoQjb4gNCga"
    ]
  },
  {
    "platform" : "ANDROID",
    "searchTime" : "2022-09-26T18:37:39.109Z[UTC]",
    "searchQuery" : "sweater ",
    "searchInteractionURIs" : [
      "spotify:track:2QjOHCTQ1Jl3zawyYOpxh6"
    ]
  },
  {
    "platform" : "OSX_X86_64",
    "searchTime" : "2022-09-26T20:57:44.100Z[UTC]",
    "searchQuery" : "funkede",
    "searchInteractionURIs" : [
    ]
  },
  {
    "platform" : "OSX_X86_64",
    "searchTime" : "2022-09-27T08:03:05.078Z[UTC]",
    "searchQuery" : "jazz hop",
    "searchInteractionURIs" : [
    ]
  },
  {
    "platform" : "OSX_X86_64",
    "searchTime" : "2022-09-27T08:35:14.211Z[UTC]",
    "searchQuery" : "jazz hop",
    "searchInteractionURIs" : [
    ]
  },
  {
    "platform" : "ANDROID",
    "searchTime" : "2022-09-30T07:42:21.473Z[UTC]",
    "searchQuery" : "cheese ",
    "searchInteractionURIs" : [
      "spotify:artist:74IIqlVQQmvf04EHOI6yKh"
    ]
  },
  {
    "platform" : "OSX_X86_64",
    "searchTime" : "2022-09-30T07:53:42.414Z[UTC]",
    "searchQuery" : "jaar ",
    "searchInteractionURIs" : [
    ]
  },
  {
    "platform" : "OSX_X86_64",
    "searchTime" : "2022-09-30T07:54:56.738Z[UTC]",
    "searchQuery" : "c",
    "searchInteractionURIs" : [
    ]
  },
  {
    "platform" : "OSX_X86_64",
    "searchTime" : "2022-09-30T07:54:56.921Z[UTC]",
    "searchQuery" : "che",
    "searchInteractionURIs" : [
    ]
  },
  {
    "platform" : "OSX_X86_64",
    "searchTime" : "2022-09-30T07:59:30.248Z[UTC]",
    "searchQuery" : "vi",
    "searchInteractionURIs" : [
    ]
  },
  {
    "platform" : "ANDROID",
    "searchTime" : "2022-09-30T14:10:09.173Z[UTC]",
    "searchQuery" : "ego",
    "searchInteractionURIs" : [
      "spotify:track:0Qj7PB41b6XgkApKPwDy1r"
    ]
  },
  {
    "platform" : "ANDROID",
    "searchTime" : "2022-09-30T18:09:08.265Z[UTC]",
    "searchQuery" : "bey",
    "searchInteractionURIs" : [
      "spotify:artist:6vWDO969PvNqNYHIOW5v0m"
    ]
  },
  {
    "platform" : "ANDROID",
    "searchTime" : "2022-09-30T18:09:32.360Z[UTC]",
    "searchQuery" : "fly ",
    "searchInteractionURIs" : [
    ]
  },
  {
    "platform" : "ANDROID",
    "searchTime" : "2022-09-30T18:17:41.680Z[UTC]",
    "searchQuery" : "parcel",
    "searchInteractionURIs" : [
      "spotify:artist:3oKRxpszQKUjjaHz388fVA"
    ]
  },
  {
    "platform" : "ANDROID_ARM",
    "searchTime" : "2022-09-30T18:26:23.874Z[UTC]",
    "searchQuery" : "pipa pr",
    "searchInteractionURIs" : [
    ]
  },
  {
    "platform" : "ANDROID_ARM",
    "searchTime" : "2022-09-30T18:26:27.189Z[UTC]",
    "searchQuery" : "pipa prachr",
    "searchInteractionURIs" : [
    ]
  },
  {
    "platform" : "ANDROID_ARM",
    "searchTime" : "2022-09-30T18:26:34.032Z[UTC]",
    "searchQuery" : "pipa prachtige deun",
    "searchInteractionURIs" : [
    ]
  },
  {
    "platform" : "ANDROID_ARM",
    "searchTime" : "2022-09-30T18:26:34.749Z[UTC]",
    "searchQuery" : "pipa prachtige deuntjes",
    "searchInteractionURIs" : [
    ]
  },
  {
    "platform" : "ANDROID_ARM",
    "searchTime" : "2022-09-30T18:26:37.099Z[UTC]",
    "searchQuery" : "pipa prachtige de",
    "searchInteractionURIs" : [
    ]
  },
  {
    "platform" : "ANDROID_ARM",
    "searchTime" : "2022-09-30T18:26:37.317Z[UTC]",
    "searchQuery" : "pipa prachtig",
    "searchInteractionURIs" : [
    ]
  },
  {
    "platform" : "ANDROID_ARM",
    "searchTime" : "2022-09-30T18:26:37.707Z[UTC]",
    "searchQuery" : "pipa ",
    "searchInteractionURIs" : [
    ]
  },
  {
    "platform" : "ANDROID_ARM",
    "searchTime" : "2022-09-30T18:26:39.788Z[UTC]",
    "searchQuery" : "k",
    "searchInteractionURIs" : [
    ]
  },
  {
    "platform" : "ANDROID_ARM",
    "searchTime" : "2022-09-30T18:26:40.030Z[UTC]",
    "searchQuery" : "ko",
    "searchInteractionURIs" : [
    ]
  },
  {
    "platform" : "ANDROID_ARM",
    "searchTime" : "2022-09-30T18:26:41.260Z[UTC]",
    "searchQuery" : "korte int",
    "searchInteractionURIs" : [
    ]
  },
  {
    "platform" : "ANDROID",
    "searchTime" : "2022-09-30T18:26:43.652Z[UTC]",
    "searchQuery" : "korte interesse",
    "searchInteractionURIs" : [
      "spotify:playlist:20zRlPG24s2KEQlLbljohg"
    ]
  },
  {
    "platform" : "ANDROID",
    "searchTime" : "2022-09-30T21:51:11.577Z[UTC]",
    "searchQuery" : "yeahi",
    "searchInteractionURIs" : [
      "spotify:artist:2RqrWplViWHSGLzlhmDcbt"
    ]
  },
  {
    "platform" : "ANDROID",
    "searchTime" : "2022-09-30T21:51:28.374Z[UTC]",
    "searchQuery" : "itgeha",
    "searchInteractionURIs" : [
    ]
  },
  {
    "platform" : "ANDROID_ARM",
    "searchTime" : "2022-09-30T21:52:51.902Z[UTC]",
    "searchQuery" : "b",
    "searchInteractionURIs" : [
    ]
  },
  {
    "platform" : "ANDROID",
    "searchTime" : "2022-09-30T21:52:54.803Z[UTC]",
    "searchQuery" : "beyoce",
    "searchInteractionURIs" : [
      "spotify:artist:6vWDO969PvNqNYHIOW5v0m"
    ]
  },
  {
    "platform" : "ANDROID",
    "searchTime" : "2022-09-30T22:02:26.262Z[UTC]",
    "searchQuery" : "positio",
    "searchInteractionURIs" : [
      "spotify:track:35mvY5S1H3J2QZyna3TFe0"
    ]
  },
  {
    "platform" : "ANDROID",
    "searchTime" : "2022-10-01T01:09:52.501Z[UTC]",
    "searchQuery" : "litt",
    "searchInteractionURIs" : [
      "spotify:track:1Eolhana7nKHYpcYpdVcT5"
    ]
  },
  {
    "platform" : "ANDROID",
    "searchTime" : "2022-10-01T01:12:23.612Z[UTC]",
    "searchQuery" : "purple",
    "searchInteractionURIs" : [
      "spotify:track:54X78diSLoUDI3joC2bjMz"
    ]
  },
  {
    "platform" : "ANDROID",
    "searchTime" : "2022-10-01T01:20:30.329Z[UTC]",
    "searchQuery" : "ledi",
    "searchInteractionURIs" : [
      "spotify:artist:60ciIY5MouLc2Y9n34DJdA"
    ]
  },
  {
    "platform" : "ANDROID",
    "searchTime" : "2022-10-01T01:20:50.527Z[UTC]",
    "searchQuery" : "redisi round midnight ",
    "searchInteractionURIs" : [
    ]
  },
  {
    "platform" : "OSX_X86_64",
    "searchTime" : "2022-10-01T13:22:54.517Z[UTC]",
    "searchQuery" : "mellow ",
    "searchInteractionURIs" : [
    ]
  },
  {
    "platform" : "OSX_X86_64",
    "searchTime" : "2022-10-01T13:22:55.395Z[UTC]",
    "searchQuery" : "mellow ja",
    "searchInteractionURIs" : [
    ]
  },
  {
    "platform" : "OSX_X86_64",
    "searchTime" : "2022-10-01T13:22:57.958Z[UTC]",
    "searchQuery" : "mellow jazz gu",
    "searchInteractionURIs" : [
    ]
  },
  {
    "platform" : "ANDROID",
    "searchTime" : "2022-10-01T14:25:38.387Z[UTC]",
    "searchQuery" : "redisi round midnight ",
    "searchInteractionURIs" : [
      "spotify:track:04NGy0LpM1gvAd1obCmz4z"
    ]
  },
  {
    "platform" : "ANDROID_ARM",
    "searchTime" : "2022-10-01T17:07:43.375Z[UTC]",
    "searchQuery" : "John l",
    "searchInteractionURIs" : [
    ]
  },
  {
    "platform" : "ANDROID",
    "searchTime" : "2022-10-01T17:07:45.283Z[UTC]",
    "searchQuery" : "John Lennon man",
    "searchInteractionURIs" : [
      "spotify:artist:4x1nvY2FN8jxqAFA0DA02H"
    ]
  },
  {
    "platform" : "OSX_X86_64",
    "searchTime" : "2022-10-01T18:00:50.736Z[UTC]",
    "searchQuery" : "itc",
    "searchInteractionURIs" : [
    ]
  },
  {
    "platform" : "OSX_X86_64",
    "searchTime" : "2022-10-01T18:01:42.270Z[UTC]",
    "searchQuery" : "sweet i",
    "searchInteractionURIs" : [
    ]
  },
  {
    "platform" : "OSX_X86_64",
    "searchTime" : "2022-10-01T18:01:43.446Z[UTC]",
    "searchQuery" : "sweet itchi",
    "searchInteractionURIs" : [
    ]
  },
  {
    "platform" : "OSX_X86_64",
    "searchTime" : "2022-10-01T18:01:45.897Z[UTC]",
    "searchQuery" : "sweet ichika",
    "searchInteractionURIs" : [
    ]
  },
  {
    "platform" : "OSX_X86_64",
    "searchTime" : "2022-10-01T18:01:45.983Z[UTC]",
    "searchQuery" : "sweet ichika",
    "searchInteractionURIs" : [
    ]
  },
  {
    "platform" : "OSX_X86_64",
    "searchTime" : "2022-10-01T18:30:38.914Z[UTC]",
    "searchQuery" : "st",
    "searchInteractionURIs" : [
    ]
  },
  {
    "platform" : "OSX_X86_64",
    "searchTime" : "2022-10-01T18:30:39.747Z[UTC]",
    "searchQuery" : "stad",
    "searchInteractionURIs" : [
    ]
  },
  {
    "platform" : "ANDROID_ARM",
    "searchTime" : "2022-10-02T11:58:17.415Z[UTC]",
    "searchQuery" : "fe",
    "searchInteractionURIs" : [
    ]
  },
  {
    "platform" : "ANDROID_ARM",
    "searchTime" : "2022-10-02T11:58:21.854Z[UTC]",
    "searchQuery" : "fe",
    "searchInteractionURIs" : [
    ]
  },
  {
    "platform" : "ANDROID",
    "searchTime" : "2022-10-02T11:58:22.831Z[UTC]",
    "searchQuery" : "fear",
    "searchInteractionURIs" : [
      "spotify:album:7acEciVtnuTzmwKptkjth5"
    ]
  },
  {
    "platform" : "ANDROID_ARM",
    "searchTime" : "2022-10-02T19:40:40.254Z[UTC]",
    "searchQuery" : "g",
    "searchInteractionURIs" : [
    ]
  },
  {
    "platform" : "ANDROID_ARM",
    "searchTime" : "2022-10-02T19:40:41.183Z[UTC]",
    "searchQuery" : "j",
    "searchInteractionURIs" : [
    ]
  },
  {
    "platform" : "ANDROID",
    "searchTime" : "2022-10-02T19:40:45.985Z[UTC]",
    "searchQuery" : "jazz guitar ",
    "searchInteractionURIs" : [
      "spotify:playlist:37i9dQZF1DWV8SP2WsR9MK"
    ]
  },
  {
    "platform" : "ANDROID",
    "searchTime" : "2022-10-04T17:21:38.200Z[UTC]",
    "searchQuery" : "alt",
    "searchInteractionURIs" : [
      "spotify:artist:3XHO7cRUPCLOr6jwp8vsx5"
    ]
  },
  {
    "platform" : "ANDROID",
    "searchTime" : "2022-10-04T17:27:46.447Z[UTC]",
    "searchQuery" : "Jessica ",
    "searchInteractionURIs" : [
      "spotify:user:jessicaoconnor1"
    ]
  },
  {
    "platform" : "OSX_X86_64",
    "searchTime" : "2022-10-05T17:27:10.164Z[UTC]",
    "searchQuery" : "s",
    "searchInteractionURIs" : [
    ]
  },
  {
    "platform" : "OSX_X86_64",
    "searchTime" : "2022-10-05T17:27:11.365Z[UTC]",
    "searchQuery" : "stri",
    "searchInteractionURIs" : [
    ]
  },
  {
    "platform" : "OSX_X86_64",
    "searchTime" : "2022-10-06T14:30:37.706Z[UTC]",
    "searchQuery" : "αμπη",
    "searchInteractionURIs" : [
    ]
  },
  {
    "platform" : "OSX_X86_64",
    "searchTime" : "2022-10-06T14:30:39.598Z[UTC]",
    "searchQuery" : "amphe",
    "searchInteractionURIs" : [
    ]
  },
  {
    "platform" : "OSX_X86_64",
    "searchTime" : "2022-10-06T14:30:50.908Z[UTC]",
    "searchQuery" : "freddie w",
    "searchInteractionURIs" : [
    ]
  },
  {
    "platform" : "OSX_X86_64",
    "searchTime" : "2022-10-06T14:30:51.035Z[UTC]",
    "searchQuery" : "freddie w",
    "searchInteractionURIs" : [
    ]
  },
  {
    "platform" : "OSX_X86_64",
    "searchTime" : "2022-10-06T14:30:52.018Z[UTC]",
    "searchQuery" : "freddie weter",
    "searchInteractionURIs" : [
    ]
  },
  {
    "platform" : "ANDROID_ARM",
    "searchTime" : "2022-10-06T16:16:20.877Z[UTC]",
    "searchQuery" : "whos",
    "searchInteractionURIs" : [
    ]
  },
  {
    "platform" : "ANDROID_ARM",
    "searchTime" : "2022-10-06T16:16:22.230Z[UTC]",
    "searchQuery" : "who's tha",
    "searchInteractionURIs" : [
    ]
  },
  {
    "platform" : "ANDROID_ARM",
    "searchTime" : "2022-10-06T16:16:25.349Z[UTC]",
    "searchQuery" : "who's that girl t",
    "searchInteractionURIs" : [
    ]
  },
  {
    "platform" : "ANDROID",
    "searchTime" : "2022-10-06T16:16:28.329Z[UTC]",
    "searchQuery" : "who's that girl there ",
    "searchInteractionURIs" : [
      "spotify:track:2zzLRQ78kKfPTx8FJQCdC2",
      "spotify:track:2zzLRQ78kKfPTx8FJQCdC2"
    ]
  },
  {
    "platform" : "OSX_X86_64",
    "searchTime" : "2022-10-07T17:10:39.844Z[UTC]",
    "searchQuery" : "th",
    "searchInteractionURIs" : [
    ]
  },
  {
    "platform" : "OSX_X86_64",
    "searchTime" : "2022-10-07T17:10:43.701Z[UTC]",
    "searchQuery" : "the love o",
    "searchInteractionURIs" : [
    ]
  },
  {
    "platform" : "OSX_X86_64",
    "searchTime" : "2022-10-07T17:10:43.776Z[UTC]",
    "searchQuery" : "the love o",
    "searchInteractionURIs" : [
    ]
  },
  {
    "platform" : "OSX_X86_64",
    "searchTime" : "2022-10-07T17:10:44.021Z[UTC]",
    "searchQuery" : "the love or",
    "searchInteractionURIs" : [
    ]
  },
  {
    "platform" : "ANDROID_ARM",
    "searchTime" : "2022-10-08T11:44:18.847Z[UTC]",
    "searchQuery" : "stone ",
    "searchInteractionURIs" : [
    ]
  },
  {
    "platform" : "ANDROID",
    "searchTime" : "2022-10-08T11:44:21.798Z[UTC]",
    "searchQuery" : "stonek",
    "searchInteractionURIs" : [
      "spotify:artist:6FfC7T2cxMj6H7Q5mmqAYe"
    ]
  },
  {
    "platform" : "ANDROID",
    "searchTime" : "2022-10-09T18:13:41.422Z[UTC]",
    "searchQuery" : "fli",
    "searchInteractionURIs" : [
      "spotify:playlist:72qRuTAKyvJvrgZKBNi3a9"
    ]
  },
  {
    "platform" : "ANDROID",
    "searchTime" : "2022-10-12T14:23:02.052Z[UTC]",
    "searchQuery" : "poly",
    "searchInteractionURIs" : [
      "spotify:artist:4vGrte8FDu062Ntj0RsPiZ"
    ]
  },
  {
    "platform" : "ANDROID",
    "searchTime" : "2022-10-13T09:10:46.888Z[UTC]",
    "searchQuery" : "kasab",
    "searchInteractionURIs" : [
      "spotify:artist:11wRdbnoYqRddKBrpHt4Ue"
    ]
  },
  {
    "platform" : "ANDROID",
    "searchTime" : "2022-10-13T09:18:35.611Z[UTC]",
    "searchQuery" : "casabi",
    "searchInteractionURIs" : [
    ]
  },
  {
    "platform" : "ANDROID",
    "searchTime" : "2022-10-13T17:20:26.229Z[UTC]",
    "searchQuery" : "ruby",
    "searchInteractionURIs" : [
      "spotify:artist:3vIGz5AEHYAzemDgMBuvP6"
    ]
  },
  {
    "platform" : "ANDROID",
    "searchTime" : "2022-10-14T22:13:18.920Z[UTC]",
    "searchQuery" : "play",
    "searchInteractionURIs" : [
      "spotify:track:3nBGFgfRQ8ujSmu5cGlZIU"
    ]
  },
  {
    "platform" : "ANDROID",
    "searchTime" : "2022-10-14T22:18:23.913Z[UTC]",
    "searchQuery" : "o ja",
    "searchInteractionURIs" : [
      "spotify:artist:38h03gA85YYPeDPd9ER9rT"
    ]
  },
  {
    "platform" : "ANDROID",
    "searchTime" : "2022-10-15T21:35:37.481Z[UTC]",
    "searchQuery" : "nina ",
    "searchInteractionURIs" : [
      "spotify:artist:1oZmFNkGAT93yD1xX4vTRE"
    ]
  },
  {
    "platform" : "ANDROID_ARM",
    "searchTime" : "2022-10-16T20:09:32.866Z[UTC]",
    "searchQuery" : "h",
    "searchInteractionURIs" : [
    ]
  },
  {
    "platform" : "ANDROID",
    "searchTime" : "2022-10-16T20:09:41.982Z[UTC]",
    "searchQuery" : "h.e.r. guitar ",
    "searchInteractionURIs" : [
    ]
  },
  {
    "platform" : "ANDROID_ARM",
    "searchTime" : "2022-10-17T18:30:46.853Z[UTC]",
    "searchQuery" : "v",
    "searchInteractionURIs" : [
    ]
  },
  {
    "platform" : "ANDROID",
    "searchTime" : "2022-10-17T18:30:49.645Z[UTC]",
    "searchQuery" : "vertigo",
    "searchInteractionURIs" : [
      "spotify:track:1doFagKIgn2FOATKzUkbyi",
      "spotify:track:1doFagKIgn2FOATKzUkbyi"
    ]
  },
  {
    "platform" : "ANDROID",
    "searchTime" : "2022-10-17T18:38:28.575Z[UTC]",
    "searchQuery" : "tash",
    "searchInteractionURIs" : [
      "spotify:artist:6zVFRTB0Y1whWyH7ZNmywf"
    ]
  },
  {
    "platform" : "ANDROID_ARM",
    "searchTime" : "2022-10-18T20:38:57.565Z[UTC]",
    "searchQuery" : "cafe",
    "searchInteractionURIs" : [
    ]
  },
  {
    "platform" : "ANDROID_ARM",
    "searchTime" : "2022-10-18T20:39:00.024Z[UTC]",
    "searchQuery" : "cafe s",
    "searchInteractionURIs" : [
    ]
  },
  {
    "platform" : "ANDROID_ARM",
    "searchTime" : "2022-10-18T20:39:01.141Z[UTC]",
    "searchQuery" : "cafe siga",
    "searchInteractionURIs" : [
    ]
  },
  {
    "platform" : "ANDROID_ARM",
    "searchTime" : "2022-10-18T20:39:02.423Z[UTC]",
    "searchQuery" : "cafe siga",
    "searchInteractionURIs" : [
    ]
  },
  {
    "platform" : "ANDROID",
    "searchTime" : "2022-10-18T20:39:05.665Z[UTC]",
    "searchQuery" : "cafe sigarettr",
    "searchInteractionURIs" : [
      "spotify:track:2FJ2ukpPWwKu9JzR4Ymx2x",
      "spotify:track:2FJ2ukpPWwKu9JzR4Ymx2x"
    ]
  },
  {
    "platform" : "ANDROID",
    "searchTime" : "2022-10-18T20:43:06.796Z[UTC]",
    "searchQuery" : "honey theres",
    "searchInteractionURIs" : [
      "spotify:track:6utl2puTMct2t0ntNnZc68"
    ]
  },
  {
    "platform" : "ANDROID_ARM",
    "searchTime" : "2022-10-20T16:16:00.431Z[UTC]",
    "searchQuery" : "dixo",
    "searchInteractionURIs" : [
    ]
  },
  {
    "platform" : "ANDROID",
    "searchTime" : "2022-10-20T16:16:00.663Z[UTC]",
    "searchQuery" : "dix",
    "searchInteractionURIs" : [
      "spotify:artist:3wc57nV2fGEoM8x4xPK1O9"
    ]
  },
  {
    "platform" : "ANDROID",
    "searchTime" : "2022-10-20T16:17:14.123Z[UTC]",
    "searchQuery" : "nsasi",
    "searchInteractionURIs" : [
      "spotify:artist:0VnBtJOIoY12iGcYtHReQ3",
      "spotify:artist:5qGuQDcxpKmkGf4pEimCHY",
      "spotify:artist:0VnBtJOIoY12iGcYtHReQ3"
    ]
  },
  {
    "platform" : "ANDROID_ARM",
    "searchTime" : "2022-10-20T16:19:46.662Z[UTC]",
    "searchQuery" : "mace",
    "searchInteractionURIs" : [
    ]
  },
  {
    "platform" : "ANDROID",
    "searchTime" : "2022-10-20T16:19:47.002Z[UTC]",
    "searchQuery" : "maceo ",
    "searchInteractionURIs" : [
      "spotify:artist:3TXQ1ddouwQAI78hV4hXDj"
    ]
  },
  {
    "platform" : "ANDROID",
    "searchTime" : "2022-10-20T16:21:31.730Z[UTC]",
    "searchQuery" : "ame ",
    "searchInteractionURIs" : [
      "spotify:artist:5muFO8VqYRCRW13EkvX564"
    ]
  },
  {
    "platform" : "ANDROID",
    "searchTime" : "2022-10-20T16:25:23.218Z[UTC]",
    "searchQuery" : "illar",
    "searchInteractionURIs" : [
      "spotify:artist:4dCGOzY3HL7dZnQ8XU7DDD"
    ]
  },
  {
    "platform" : "ANDROID_ARM",
    "searchTime" : "2022-10-20T16:25:23.315Z[UTC]",
    "searchQuery" : "illa",
    "searchInteractionURIs" : [
    ]
  },
  {
    "platform" : "ANDROID_ARM",
    "searchTime" : "2022-10-20T16:30:16.369Z[UTC]",
    "searchQuery" : "ill",
    "searchInteractionURIs" : [
    ]
  },
  {
    "platform" : "ANDROID",
    "searchTime" : "2022-10-20T16:30:23.333Z[UTC]",
    "searchQuery" : "fjaak",
    "searchInteractionURIs" : [
      "spotify:artist:4qG1qjeHfkASTdyRGbLWbV"
    ]
  },
  {
    "platform" : "ANDROID",
    "searchTime" : "2022-10-20T16:36:36.079Z[UTC]",
    "searchQuery" : "kaast",
    "searchInteractionURIs" : [
      "spotify:artist:7orlzf5LTqSnCzURkZFebN"
    ]
  },
  {
    "platform" : "ANDROID",
    "searchTime" : "2022-10-20T17:07:35.648Z[UTC]",
    "searchQuery" : "i hate ",
    "searchInteractionURIs" : [
      "spotify:artist:0KqSULB80ft2H3aFg6kJmN"
    ]
  },
  {
    "platform" : "ANDROID_ARM",
    "searchTime" : "2022-10-20T23:51:49.510Z[UTC]",
    "searchQuery" : "in",
    "searchInteractionURIs" : [
    ]
  },
  {
    "platform" : "ANDROID",
    "searchTime" : "2022-10-20T23:51:49.885Z[UTC]",
    "searchQuery" : "indir",
    "searchInteractionURIs" : [
      "spotify:artist:0JXc5G7ZImFTwPg3y8MTfR"
    ]
  },
  {
    "platform" : "",
    "searchTime" : "2022-10-21T00:39:46.254Z[UTC]",
    "searchQuery" : "i",
    "searchInteractionURIs" : [
    ]
  },
  {
    "platform" : "",
    "searchTime" : "2022-10-21T00:39:46.718Z[UTC]",
    "searchQuery" : "in",
    "searchInteractionURIs" : [
    ]
  },
  {
    "platform" : "",
    "searchTime" : "2022-10-21T00:39:47.043Z[UTC]",
    "searchQuery" : "in ",
    "searchInteractionURIs" : [
    ]
  },
  {
    "platform" : "",
    "searchTime" : "2022-10-21T00:39:47.516Z[UTC]",
    "searchQuery" : "in s",
    "searchInteractionURIs" : [
    ]
  },
  {
    "platform" : "",
    "searchTime" : "2022-10-21T00:39:49.177Z[UTC]",
    "searchQuery" : "in sp",
    "searchInteractionURIs" : [
    ]
  },
  {
    "platform" : "",
    "searchTime" : "2022-10-21T00:39:49.629Z[UTC]",
    "searchQuery" : "in spi",
    "searchInteractionURIs" : [
    ]
  },
  {
    "platform" : "",
    "searchTime" : "2022-10-21T00:39:50.117Z[UTC]",
    "searchQuery" : "in spit",
    "searchInteractionURIs" : [
    ]
  },
  {
    "platform" : "ANDROID",
    "searchTime" : "2022-10-21T00:39:50.795Z[UTC]",
    "searchQuery" : "in spit",
    "searchInteractionURIs" : [
      "spotify:track:6pJ7aIum1zU5MsrC5GI0JK",
      "spotify:track:6pJ7aIum1zU5MsrC5GI0JK"
    ]
  },
  {
    "platform" : "ANDROID",
    "searchTime" : "2022-10-21T01:06:01.576Z[UTC]",
    "searchQuery" : "vto",
    "searchInteractionURIs" : [
      "spotify:track:0hJe1vYGNravpYXAzRA3mx"
    ]
  },
  {
    "platform" : "ANDROID",
    "searchTime" : "2022-10-21T19:34:45.138Z[UTC]",
    "searchQuery" : "jan b",
    "searchInteractionURIs" : [
      "spotify:artist:5wMlMjOLeJfS5DfxqGfm83"
    ]
  },
  {
    "platform" : "ANDROID",
    "searchTime" : "2022-10-23T21:08:03.843Z[UTC]",
    "searchQuery" : "her",
    "searchInteractionURIs" : [
      "spotify:artist:73mSg0dykFyhvU96tb5xQV"
    ]
  },
  {
    "platform" : "OSX_X86_64",
    "searchTime" : "2022-10-24T19:43:09.881Z[UTC]",
    "searchQuery" : "colyn",
    "searchInteractionURIs" : [
    ]
  },
  {
    "platform" : "ANDROID",
    "searchTime" : "2022-10-27T18:29:15.813Z[UTC]",
    "searchQuery" : "working ",
    "searchInteractionURIs" : [
      "spotify:track:1yKQBy7olMIqRpziyAzf8c"
    ]
  },
  {
    "platform" : "ANDROID_ARM",
    "searchTime" : "2022-10-27T18:47:56.103Z[UTC]",
    "searchQuery" : "passion fr",
    "searchInteractionURIs" : [
    ]
  },
  {
    "platform" : "ANDROID_ARM",
    "searchTime" : "2022-10-27T18:48:06.419Z[UTC]",
    "searchQuery" : "passion",
    "searchInteractionURIs" : [
    ]
  },
  {
    "platform" : "ANDROID",
    "searchTime" : "2022-10-27T18:48:08.191Z[UTC]",
    "searchQuery" : "passionf",
    "searchInteractionURIs" : [
      "spotify:track:5mCPDVBb16L4XQwDdbRUpz",
      "spotify:track:2T7iacVdKNRqijRYwlukrY"
    ]
  },
  {
    "platform" : "ANDROID",
    "searchTime" : "2022-10-28T17:17:54.867Z[UTC]",
    "searchQuery" : "el jar",
    "searchInteractionURIs" : [
      "spotify:track:73eUiyq2OGr7JtOmgbyMxj",
      "spotify:track:3K74SFL9bE7q3PFYGxBNjG",
      "spotify:artist:3YR92OLKlvkK5oKNekSqXe",
      "spotify:track:73eUiyq2OGr7JtOmgbyMxj"
    ]
  },
  {
    "platform" : "ANDROID",
    "searchTime" : "2022-10-28T19:20:59.136Z[UTC]",
    "searchQuery" : "she cam",
    "searchInteractionURIs" : [
      "spotify:track:2jtUGFsqanQ82zqDlhiKIp"
    ]
  },
  {
    "platform" : "ANDROID_ARM",
    "searchTime" : "2022-10-28T19:21:16.741Z[UTC]",
    "searchQuery" : "shes ",
    "searchInteractionURIs" : [
    ]
  },
  {
    "platform" : "ANDROID_ARM",
    "searchTime" : "2022-10-28T19:21:26.908Z[UTC]",
    "searchQuery" : "shes h",
    "searchInteractionURIs" : [
    ]
  },
  {
    "platform" : "ANDROID_ARM",
    "searchTime" : "2022-10-28T19:21:27.801Z[UTC]",
    "searchQuery" : "sh",
    "searchInteractionURIs" : [
    ]
  },
  {
    "platform" : "ANDROID_ARM",
    "searchTime" : "2022-10-28T19:21:28.318Z[UTC]",
    "searchQuery" : "s",
    "searchInteractionURIs" : [
    ]
  },
  {
    "platform" : "ANDROID_ARM",
    "searchTime" : "2022-10-28T19:21:29.476Z[UTC]",
    "searchQuery" : "she",
    "searchInteractionURIs" : [
    ]
  },
  {
    "platform" : "ANDROID",
    "searchTime" : "2022-10-28T19:21:32.366Z[UTC]",
    "searchQuery" : "she so heavy",
    "searchInteractionURIs" : [
      "spotify:track:3Z25k4ZF6QENy2d9YatsM5"
    ]
  },
  {
    "platform" : "ANDROID_ARM",
    "searchTime" : "2022-10-28T20:23:17.408Z[UTC]",
    "searchQuery" : "ch",
    "searchInteractionURIs" : [
    ]
  },
  {
    "platform" : "ANDROID",
    "searchTime" : "2022-10-28T20:23:21.884Z[UTC]",
    "searchQuery" : "christian ",
    "searchInteractionURIs" : [
      "spotify:artist:3tSvlEzeDnVbQJBTkIA6nO"
    ]
  },
  {
    "platform" : "ANDROID_ARM",
    "searchTime" : "2022-10-30T13:37:02.608Z[UTC]",
    "searchQuery" : "col",
    "searchInteractionURIs" : [
    ]
  },
  {
    "platform" : "ANDROID_ARM",
    "searchTime" : "2022-10-30T13:37:05.021Z[UTC]",
    "searchQuery" : "coly",
    "searchInteractionURIs" : [
    ]
  },
  {
    "platform" : "ANDROID",
    "searchTime" : "2022-10-30T13:37:09.159Z[UTC]",
    "searchQuery" : "colyn",
    "searchInteractionURIs" : [
      "spotify:artist:5vr1GvUstxr6nwxniKqLOh"
    ]
  },
  {
    "platform" : "ANDROID",
    "searchTime" : "2022-10-30T13:42:54.022Z[UTC]",
    "searchQuery" : "stephan",
    "searchInteractionURIs" : [
      "spotify:artist:2nq2BeSbzExGAv3Y4HgUf7"
    ]
  },
  {
    "platform" : "ANDROID_ARM",
    "searchTime" : "2022-10-30T13:43:06.135Z[UTC]",
    "searchQuery" : "afterl",
    "searchInteractionURIs" : [
    ]
  },
  {
    "platform" : "ANDROID",
    "searchTime" : "2022-10-30T13:43:10.853Z[UTC]",
    "searchQuery" : "afterlife ",
    "searchInteractionURIs" : [
      "spotify:playlist:6WjmK636woFc9QpAqAwshL"
    ]
  },
  {
    "platform" : "ANDROID_ARM",
    "searchTime" : "2022-10-30T13:46:31.940Z[UTC]",
    "searchQuery" : "afterlife awa",
    "searchInteractionURIs" : [
    ]
  },
  {
    "platform" : "ANDROID",
    "searchTime" : "2022-10-30T13:46:37.738Z[UTC]",
    "searchQuery" : "afterlife awakening",
    "searchInteractionURIs" : [
      "spotify:playlist:65SLLQ7KiJG1WvqI8ccRxx"
    ]
  },
  {
    "platform" : "",
    "searchTime" : "2022-11-02T00:57:22.638Z[UTC]",
    "searchQuery" : "t",
    "searchInteractionURIs" : [
    ]
  },
  {
    "platform" : "",
    "searchTime" : "2022-11-02T00:57:22.664Z[UTC]",
    "searchQuery" : "th",
    "searchInteractionURIs" : [
    ]
  },
  {
    "platform" : "",
    "searchTime" : "2022-11-02T00:57:22.726Z[UTC]",
    "searchQuery" : "thw",
    "searchInteractionURIs" : [
    ]
  },
  {
    "platform" : "",
    "searchTime" : "2022-11-02T00:57:22.804Z[UTC]",
    "searchQuery" : "thw ",
    "searchInteractionURIs" : [
    ]
  },
  {
    "platform" : "",
    "searchTime" : "2022-11-02T00:57:23.461Z[UTC]",
    "searchQuery" : "thw p",
    "searchInteractionURIs" : [
    ]
  },
  {
    "platform" : "",
    "searchTime" : "2022-11-02T00:57:23.927Z[UTC]",
    "searchQuery" : "thw pl",
    "searchInteractionURIs" : [
    ]
  },
  {
    "platform" : "",
    "searchTime" : "2022-11-02T00:57:23.979Z[UTC]",
    "searchQuery" : "thw p",
    "searchInteractionURIs" : [
    ]
  },
  {
    "platform" : "",
    "searchTime" : "2022-11-02T00:57:24.079Z[UTC]",
    "searchQuery" : "thw ",
    "searchInteractionURIs" : [
    ]
  },
  {
    "platform" : "",
    "searchTime" : "2022-11-02T00:57:24.598Z[UTC]",
    "searchQuery" : "thw",
    "searchInteractionURIs" : [
    ]
  },
  {
    "platform" : "",
    "searchTime" : "2022-11-02T00:57:25.890Z[UTC]",
    "searchQuery" : "the ",
    "searchInteractionURIs" : [
    ]
  },
  {
    "platform" : "",
    "searchTime" : "2022-11-02T00:57:27.181Z[UTC]",
    "searchQuery" : "the pl",
    "searchInteractionURIs" : [
    ]
  },
  {
    "platform" : "",
    "searchTime" : "2022-11-02T00:57:27.183Z[UTC]",
    "searchQuery" : "the pla",
    "searchInteractionURIs" : [
    ]
  },
  {
    "platform" : "",
    "searchTime" : "2022-11-02T00:57:27.183Z[UTC]",
    "searchQuery" : "the p",
    "searchInteractionURIs" : [
    ]
  },
  {
    "platform" : "",
    "searchTime" : "2022-11-02T00:57:27.233Z[UTC]",
    "searchQuery" : "the play",
    "searchInteractionURIs" : [
    ]
  },
  {
    "platform" : "",
    "searchTime" : "2022-11-02T00:57:27.238Z[UTC]",
    "searchQuery" : "the playl",
    "searchInteractionURIs" : [
    ]
  },
  {
    "platform" : "",
    "searchTime" : "2022-11-02T00:57:27.358Z[UTC]",
    "searchQuery" : "the playli",
    "searchInteractionURIs" : [
    ]
  },
  {
    "platform" : "ANDROID_ARM",
    "searchTime" : "2022-11-02T00:57:27.362Z[UTC]",
    "searchQuery" : "the play",
    "searchInteractionURIs" : [
    ]
  },
  {
    "platform" : "",
    "searchTime" : "2022-11-02T00:57:27.826Z[UTC]",
    "searchQuery" : "the playlist ",
    "searchInteractionURIs" : [
    ]
  },
  {
    "platform" : "ANDROID",
    "searchTime" : "2022-11-02T00:57:28.178Z[UTC]",
    "searchQuery" : "the playlist ",
    "searchInteractionURIs" : [
      "spotify:playlist:2eU31pzob36jVNA9RgDSDA",
      "spotify:album:7s9Jy8aHO7tjf90OZU1zhp",
      "spotify:playlist:2eU31pzob36jVNA9RgDSDA"
    ]
  },
  {
    "platform" : "",
    "searchTime" : "2022-11-02T00:58:35.906Z[UTC]",
    "searchQuery" : "b",
    "searchInteractionURIs" : [
    ]
  },
  {
    "platform" : "ANDROID_ARM",
    "searchTime" : "2022-11-02T00:58:36.003Z[UTC]",
    "searchQuery" : "b",
    "searchInteractionURIs" : [
    ]
  },
  {
    "platform" : "",
    "searchTime" : "2022-11-02T00:58:36.809Z[UTC]",
    "searchQuery" : "bo",
    "searchInteractionURIs" : [
    ]
  },
  {
    "platform" : "",
    "searchTime" : "2022-11-02T00:58:38.351Z[UTC]",
    "searchQuery" : "bobby",
    "searchInteractionURIs" : [
    ]
  },
  {
    "platform" : "",
    "searchTime" : "2022-11-02T00:58:38.353Z[UTC]",
    "searchQuery" : "bobb",
    "searchInteractionURIs" : [
    ]
  },
  {
    "platform" : "ANDROID_ARM",
    "searchTime" : "2022-11-02T00:58:38.440Z[UTC]",
    "searchQuery" : "bobby",
    "searchInteractionURIs" : [
    ]
  },
  {
    "platform" : "ANDROID_ARM",
    "searchTime" : "2022-11-02T00:58:38.500Z[UTC]",
    "searchQuery" : "bobb",
    "searchInteractionURIs" : [
    ]
  },
  {
    "platform" : "",
    "searchTime" : "2022-11-02T00:58:38.855Z[UTC]",
    "searchQuery" : "bob",
    "searchInteractionURIs" : [
    ]
  },
  {
    "platform" : "ANDROID_ARM",
    "searchTime" : "2022-11-02T00:58:38.983Z[UTC]",
    "searchQuery" : "bob",
    "searchInteractionURIs" : [
    ]
  },
  {
    "platform" : "",
    "searchTime" : "2022-11-02T00:58:39.307Z[UTC]",
    "searchQuery" : "bobby ",
    "searchInteractionURIs" : [
    ]
  },
  {
    "platform" : "",
    "searchTime" : "2022-11-02T00:58:39.646Z[UTC]",
    "searchQuery" : "bobby t",
    "searchInteractionURIs" : [
    ]
  },
  {
    "platform" : "ANDROID",
    "searchTime" : "2022-11-02T00:58:39.823Z[UTC]",
    "searchQuery" : "bobby t",
    "searchInteractionURIs" : [
      "spotify:artist:2PnaoxTXTiN7WJqlPcIumN"
    ]
  },
  {
    "platform" : "",
    "searchTime" : "2022-11-02T00:58:59.945Z[UTC]",
    "searchQuery" : "bobby ",
    "searchInteractionURIs" : [
    ]
  },
  {
    "platform" : "",
    "searchTime" : "2022-11-02T00:58:59.968Z[UTC]",
    "searchQuery" : "bobby",
    "searchInteractionURIs" : [
    ]
  },
  {
    "platform" : "",
    "searchTime" : "2022-11-02T00:59:00.077Z[UTC]",
    "searchQuery" : "bobb",
    "searchInteractionURIs" : [
    ]
  },
  {
    "platform" : "",
    "searchTime" : "2022-11-02T00:59:00.564Z[UTC]",
    "searchQuery" : "bob",
    "searchInteractionURIs" : [
    ]
  },
  {
    "platform" : "",
    "searchTime" : "2022-11-02T00:59:00.583Z[UTC]",
    "searchQuery" : "bo",
    "searchInteractionURIs" : [
    ]
  },
  {
    "platform" : "",
    "searchTime" : "2022-11-02T00:59:00.730Z[UTC]",
    "searchQuery" : "b",
    "searchInteractionURIs" : [
    ]
  },
  {
    "platform" : "",
    "searchTime" : "2022-11-02T00:59:05.703Z[UTC]",
    "searchQuery" : "b",
    "searchInteractionURIs" : [
    ]
  },
  {
    "platform" : "ANDROID_ARM",
    "searchTime" : "2022-11-02T00:59:05.831Z[UTC]",
    "searchQuery" : "b",
    "searchInteractionURIs" : [
    ]
  },
  {
    "platform" : "",
    "searchTime" : "2022-11-02T00:59:06.419Z[UTC]",
    "searchQuery" : "bo",
    "searchInteractionURIs" : [
    ]
  },
  {
    "platform" : "",
    "searchTime" : "2022-11-02T00:59:06.419Z[UTC]",
    "searchQuery" : "bob",
    "searchInteractionURIs" : [
    ]
  },
  {
    "platform" : "",
    "searchTime" : "2022-11-02T00:59:06.461Z[UTC]",
    "searchQuery" : "bobb",
    "searchInteractionURIs" : [
    ]
  },
  {
    "platform" : "ANDROID_ARM",
    "searchTime" : "2022-11-02T00:59:06.557Z[UTC]",
    "searchQuery" : "bobb",
    "searchInteractionURIs" : [
    ]
  },
  {
    "platform" : "",
    "searchTime" : "2022-11-02T00:59:06.767Z[UTC]",
    "searchQuery" : "bobbi",
    "searchInteractionURIs" : [
    ]
  },
  {
    "platform" : "",
    "searchTime" : "2022-11-02T00:59:06.910Z[UTC]",
    "searchQuery" : "bobbi ",
    "searchInteractionURIs" : [
    ]
  },
  {
    "platform" : "",
    "searchTime" : "2022-11-02T00:59:07.097Z[UTC]",
    "searchQuery" : "bobbi t",
    "searchInteractionURIs" : [
    ]
  },
  {
    "platform" : "",
    "searchTime" : "2022-11-02T00:59:07.117Z[UTC]",
    "searchQuery" : "bobbi ",
    "searchInteractionURIs" : [
    ]
  },
  {
    "platform" : "",
    "searchTime" : "2022-11-02T00:59:07.121Z[UTC]",
    "searchQuery" : "bobbi t",
    "searchInteractionURIs" : [
    ]
  },
  {
    "platform" : "ANDROID",
    "searchTime" : "2022-11-02T00:59:07.640Z[UTC]",
    "searchQuery" : "bobbi t",
    "searchInteractionURIs" : [
      "spotify:user:1dtoeugcvt92g3uhs28dcjxpd"
    ]
  },
  {
    "platform" : "OSX_X86_64",
    "searchTime" : "2022-11-02T19:44:27.825Z[UTC]",
    "searchQuery" : "the playlist ",
    "searchInteractionURIs" : [
    ]
  },
  {
    "platform" : "OSX_X86_64",
    "searchTime" : "2022-11-03T22:09:17.861Z[UTC]",
    "searchQuery" : "mama margari",
    "searchInteractionURIs" : [
    ]
  },
  {
    "platform" : "ANDROID",
    "searchTime" : "2022-11-03T22:13:59.077Z[UTC]",
    "searchQuery" : "soft ro",
    "searchInteractionURIs" : [
      "spotify:playlist:37i9dQZF1DX6xOPeSOGone"
    ]
  },
  {
    "platform" : "",
    "searchTime" : "2022-11-05T00:31:07.799Z[UTC]",
    "searchQuery" : "l",
    "searchInteractionURIs" : [
    ]
  },
  {
    "platform" : "",
    "searchTime" : "2022-11-05T00:31:08.175Z[UTC]",
    "searchQuery" : "le",
    "searchInteractionURIs" : [
    ]
  },
  {
    "platform" : "",
    "searchTime" : "2022-11-05T00:31:08.662Z[UTC]",
    "searchQuery" : "leg",
    "searchInteractionURIs" : [
    ]
  },
  {
    "platform" : "",
    "searchTime" : "2022-11-05T00:31:08.767Z[UTC]",
    "searchQuery" : "lega",
    "searchInteractionURIs" : [
    ]
  },
  {
    "platform" : "",
    "searchTime" : "2022-11-05T00:31:08.855Z[UTC]",
    "searchQuery" : "legal",
    "searchInteractionURIs" : [
    ]
  },
  {
    "platform" : "",
    "searchTime" : "2022-11-05T00:31:09.220Z[UTC]",
    "searchQuery" : "legali",
    "searchInteractionURIs" : [
    ]
  },
  {
    "platform" : "",
    "searchTime" : "2022-11-05T00:31:09.411Z[UTC]",
    "searchQuery" : "legaliz",
    "searchInteractionURIs" : [
    ]
  },
  {
    "platform" : "",
    "searchTime" : "2022-11-05T00:31:09.822Z[UTC]",
    "searchQuery" : "legalize",
    "searchInteractionURIs" : [
    ]
  },
  {
    "platform" : "ANDROID_ARM",
    "searchTime" : "2022-11-05T00:31:09.926Z[UTC]",
    "searchQuery" : "legalize",
    "searchInteractionURIs" : [
    ]
  },
  {
    "platform" : "",
    "searchTime" : "2022-11-05T00:31:11.386Z[UTC]",
    "searchQuery" : "legalize ",
    "searchInteractionURIs" : [
    ]
  },
  {
    "platform" : "",
    "searchTime" : "2022-11-05T00:31:12.323Z[UTC]",
    "searchQuery" : "legalize i",
    "searchInteractionURIs" : [
    ]
  },
  {
    "platform" : "",
    "searchTime" : "2022-11-05T00:31:12.542Z[UTC]",
    "searchQuery" : "legalize it",
    "searchInteractionURIs" : [
    ]
  },
  {
    "platform" : "ANDROID",
    "searchTime" : "2022-11-05T00:31:13.918Z[UTC]",
    "searchQuery" : "legalize it",
    "searchInteractionURIs" : [
    ]
  },
  {
    "platform" : "",
    "searchTime" : "2022-11-05T00:32:21.660Z[UTC]",
    "searchQuery" : "l",
    "searchInteractionURIs" : [
    ]
  },
  {
    "platform" : "",
    "searchTime" : "2022-11-05T00:32:21.903Z[UTC]",
    "searchQuery" : "le",
    "searchInteractionURIs" : [
    ]
  },
  {
    "platform" : "",
    "searchTime" : "2022-11-05T00:32:22.238Z[UTC]",
    "searchQuery" : "leg",
    "searchInteractionURIs" : [
    ]
  },
  {
    "platform" : "",
    "searchTime" : "2022-11-05T00:32:22.370Z[UTC]",
    "searchQuery" : "lega",
    "searchInteractionURIs" : [
    ]
  },
  {
    "platform" : "",
    "searchTime" : "2022-11-05T00:32:22.471Z[UTC]",
    "searchQuery" : "legal",
    "searchInteractionURIs" : [
    ]
  },
  {
    "platform" : "",
    "searchTime" : "2022-11-05T00:32:22.828Z[UTC]",
    "searchQuery" : "legali",
    "searchInteractionURIs" : [
    ]
  },
  {
    "platform" : "ANDROID",
    "searchTime" : "2022-11-05T00:32:24.164Z[UTC]",
    "searchQuery" : "legali",
    "searchInteractionURIs" : [
      "spotify:track:73lYI49LhfsscO33ohrGN0"
    ]
  },
  {
    "platform" : "",
    "searchTime" : "2022-11-05T00:32:33.025Z[UTC]",
    "searchQuery" : "b",
    "searchInteractionURIs" : [
    ]
  },
  {
    "platform" : "",
    "searchTime" : "2022-11-05T00:32:33.286Z[UTC]",
    "searchQuery" : "bo",
    "searchInteractionURIs" : [
    ]
  },
  {
    "platform" : "",
    "searchTime" : "2022-11-05T00:32:33.648Z[UTC]",
    "searchQuery" : "bob",
    "searchInteractionURIs" : [
    ]
  },
  {
    "platform" : "",
    "searchTime" : "2022-11-05T00:32:34.095Z[UTC]",
    "searchQuery" : "bob ",
    "searchInteractionURIs" : [
    ]
  },
  {
    "platform" : "ANDROID",
    "searchTime" : "2022-11-05T00:32:35.388Z[UTC]",
    "searchQuery" : "bob ",
    "searchInteractionURIs" : [
      "spotify:artist:2QsynagSdAqZj3U9HgDzjD"
    ]
  },
  {
    "platform" : "OSX_X86_64",
    "searchTime" : "2022-11-06T22:33:15.489Z[UTC]",
    "searchQuery" : "he",
    "searchInteractionURIs" : [
    ]
  },
  {
    "platform" : "ANDROID",
    "searchTime" : "2022-11-07T17:17:19.047Z[UTC]",
    "searchQuery" : "tim carter ",
    "searchInteractionURIs" : [
      "spotify:artist:5NVyd2J79EXpaJYIQeDLWX",
      "spotify:artist:5NVyd2J79EXpaJYIQeDLWX",
      "spotify:artist:5NVyd2J79EXpaJYIQeDLWX"
    ]
  },
  {
    "platform" : "ANDROID_ARM",
    "searchTime" : "2022-11-10T10:09:06.938Z[UTC]",
    "searchQuery" : "strug",
    "searchInteractionURIs" : [
    ]
  },
  {
    "platform" : "ANDROID_ARM",
    "searchTime" : "2022-11-10T10:09:06.943Z[UTC]",
    "searchQuery" : "struggl",
    "searchInteractionURIs" : [
    ]
  },
  {
    "platform" : "ANDROID_ARM",
    "searchTime" : "2022-11-10T10:09:07.039Z[UTC]",
    "searchQuery" : "struggle",
    "searchInteractionURIs" : [
    ]
  },
  {
    "platform" : "ANDROID",
    "searchTime" : "2022-11-10T10:09:14.508Z[UTC]",
    "searchQuery" : "struggle years ",
    "searchInteractionURIs" : [
      "spotify:track:3TGXVrW4ZzYCLIXZhSsrCQ"
    ]
  },
  {
    "platform" : "ANDROID_ARM",
    "searchTime" : "2022-11-11T16:30:56.739Z[UTC]",
    "searchQuery" : "k b",
    "searchInteractionURIs" : [
    ]
  },
  {
    "platform" : "ANDROID",
    "searchTime" : "2022-11-11T16:30:57.317Z[UTC]",
    "searchQuery" : "k bush",
    "searchInteractionURIs" : [
      "spotify:artist:1aSxMhuvixZ8h9dK9jIDwL"
    ]
  },
  {
    "platform" : "ANDROID",
    "searchTime" : "2022-11-11T16:37:42.627Z[UTC]",
    "searchQuery" : "babus",
    "searchInteractionURIs" : [
      "spotify:track:3LDzO5Cz3hxdpfLSa6VsNr",
      "spotify:track:53Mz9H5UvWMQUXHZnaZYKQ",
      "spotify:track:7nSulDS0wcdaXCMN8Ba8uI"
    ]
  },
  {
    "platform" : "ANDROID_ARM",
    "searchTime" : "2022-11-11T17:42:53.861Z[UTC]",
    "searchQuery" : "w",
    "searchInteractionURIs" : [
    ]
  },
  {
    "platform" : "ANDROID_ARM",
    "searchTime" : "2022-11-11T17:43:02.674Z[UTC]",
    "searchQuery" : "waterme",
    "searchInteractionURIs" : [
    ]
  },
  {
    "platform" : "ANDROID",
    "searchTime" : "2022-11-11T17:43:03.574Z[UTC]",
    "searchQuery" : "watermelon ",
    "searchInteractionURIs" : [
      "spotify:track:2zQl59dZMzwhrmeSBEgiXY"
    ]
  },
  {
    "platform" : "ANDROID",
    "searchTime" : "2022-11-14T10:22:11.280Z[UTC]",
    "searchQuery" : "hardwe",
    "searchInteractionURIs" : [
      "spotify:artist:6BrvowZBreEkXzJQMpL174"
    ]
  },
  {
    "platform" : "ANDROID",
    "searchTime" : "2022-11-14T10:23:33.413Z[UTC]",
    "searchQuery" : "chal",
    "searchInteractionURIs" : [
      "spotify:artist:1lJhME1ZpzsEa5M0wW6Mso"
    ]
  },
  {
    "platform" : "ANDROID",
    "searchTime" : "2022-11-14T10:24:18.316Z[UTC]",
    "searchQuery" : "kiki",
    "searchInteractionURIs" : [
      "spotify:artist:0UMs6dTf23FC2fHc40fXNS"
    ]
  },
  {
    "platform" : "ANDROID_ARM",
    "searchTime" : "2022-11-14T10:25:03.404Z[UTC]",
    "searchQuery" : "p",
    "searchInteractionURIs" : [
    ]
  },
  {
    "platform" : "ANDROID",
    "searchTime" : "2022-11-14T10:25:06.348Z[UTC]",
    "searchQuery" : "parti",
    "searchInteractionURIs" : [
      "spotify:artist:0CutULGVZ24wOr1HHYoEOL"
    ]
  },
  {
    "platform" : "ANDROID",
    "searchTime" : "2022-11-14T10:25:37.765Z[UTC]",
    "searchQuery" : "ketamine ",
    "searchInteractionURIs" : [
      "spotify:playlist:5txDKcR2apwH3bvTZOwMra"
    ]
  },
  {
    "platform" : "OSX_X86_64",
    "searchTime" : "2022-11-14T13:03:07.771Z[UTC]",
    "searchQuery" : "julia",
    "searchInteractionURIs" : [
    ]
  },
  {
    "platform" : "ANDROID_ARM",
    "searchTime" : "2022-11-14T13:23:52.759Z[UTC]",
    "searchQuery" : "carav",
    "searchInteractionURIs" : [
    ]
  },
  {
    "platform" : "ANDROID",
    "searchTime" : "2022-11-14T13:23:55.149Z[UTC]",
    "searchQuery" : "caravan ",
    "searchInteractionURIs" : [
      "spotify:track:2Xtsv7BUMrNodQWH2JPOc0",
      "spotify:track:2Xtsv7BUMrNodQWH2JPOc0"
    ]
  },
  {
    "platform" : "OSX_X86_64",
    "searchTime" : "2022-11-14T14:20:10.981Z[UTC]",
    "searchQuery" : "ampha",
    "searchInteractionURIs" : [
    ]
  },
  {
    "platform" : "OSX_X86_64",
    "searchTime" : "2022-11-15T17:10:49.292Z[UTC]",
    "searchQuery" : "k ",
    "searchInteractionURIs" : [
    ]
  },
  {
    "platform" : "OSX_X86_64",
    "searchTime" : "2022-11-15T17:10:50.170Z[UTC]",
    "searchQuery" : "k bush",
    "searchInteractionURIs" : [
    ]
  },
  {
    "platform" : "OSX_X86_64",
    "searchTime" : "2022-11-15T17:16:13.497Z[UTC]",
    "searchQuery" : "the sound of ",
    "searchInteractionURIs" : [
    ]
  },
  {
    "platform" : "OSX_X86_64",
    "searchTime" : "2022-11-15T17:16:14.647Z[UTC]",
    "searchQuery" : "the sound of swing",
    "searchInteractionURIs" : [
    ]
  },
  {
    "platform" : "OSX_X86_64",
    "searchTime" : "2022-11-16T11:05:17.955Z[UTC]",
    "searchQuery" : "house in the ",
    "searchInteractionURIs" : [
    ]
  },
  {
    "platform" : "ANDROID_ARM",
    "searchTime" : "2022-11-17T10:34:06.937Z[UTC]",
    "searchQuery" : "par",
    "searchInteractionURIs" : [
    ]
  },
  {
    "platform" : "ANDROID",
    "searchTime" : "2022-11-17T10:34:10.425Z[UTC]",
    "searchQuery" : "part",
    "searchInteractionURIs" : [
      "spotify:artist:0CutULGVZ24wOr1HHYoEOL"
    ]
  },
  {
    "platform" : "ANDROID_ARM",
    "searchTime" : "2022-11-17T10:35:02.084Z[UTC]",
    "searchQuery" : "lo f",
    "searchInteractionURIs" : [
    ]
  },
  {
    "platform" : "ANDROID",
    "searchTime" : "2022-11-17T10:35:06.079Z[UTC]",
    "searchQuery" : "lo fi",
    "searchInteractionURIs" : [
      "spotify:playlist:37i9dQZF1DXbXD9pMSZomS"
    ]
  },
  {
    "platform" : "ANDROID_ARM",
    "searchTime" : "2022-11-17T10:58:11.451Z[UTC]",
    "searchQuery" : "su",
    "searchInteractionURIs" : [
    ]
  },
  {
    "platform" : "ANDROID_ARM",
    "searchTime" : "2022-11-17T10:58:11.544Z[UTC]",
    "searchQuery" : "sup",
    "searchInteractionURIs" : [
    ]
  },
  {
    "platform" : "ANDROID",
    "searchTime" : "2022-11-17T10:58:16.815Z[UTC]",
    "searchQuery" : "supertra",
    "searchInteractionURIs" : [
      "spotify:artist:3JsMj0DEzyWc0VDlHuy9Bx"
    ]
  },
  {
    "platform" : "ANDROID_ARM",
    "searchTime" : "2022-11-17T11:01:05.583Z[UTC]",
    "searchQuery" : "soynd ",
    "searchInteractionURIs" : [
    ]
  },
  {
    "platform" : "ANDROID_ARM",
    "searchTime" : "2022-11-17T11:01:05.754Z[UTC]",
    "searchQuery" : "soynd of ",
    "searchInteractionURIs" : [
    ]
  },
  {
    "platform" : "ANDROID",
    "searchTime" : "2022-11-17T11:01:24.293Z[UTC]",
    "searchQuery" : "sound od swing ",
    "searchInteractionURIs" : [
      "spotify:album:1DPVjDKaaAmakDbTrveO6R"
    ]
  },
  {
    "platform" : "ANDROID",
    "searchTime" : "2022-11-17T11:01:32.816Z[UTC]",
    "searchQuery" : "sound od swing ken",
    "searchInteractionURIs" : [
      "spotify:track:3YfS47QufnLDFA71FUsgCM",
      "spotify:album:1DPVjDKaaAmakDbTrveO6R",
      "spotify:album:1DPVjDKaaAmakDbTrveO6R",
      "spotify:track:2I13jeL6QfdArAhpqUzFSr",
      "spotify:track:2G7E5ZCiVr057Ea5G0YCsI"
    ]
  },
  {
    "platform" : "ANDROID",
    "searchTime" : "2022-11-17T20:38:58.197Z[UTC]",
    "searchQuery" : "the blaz",
    "searchInteractionURIs" : [
      "spotify:artist:1Dt1UKLtrJIW1xxRBejjos"
    ]
  },
  {
    "platform" : "ANDROID_ARM",
    "searchTime" : "2022-11-17T20:38:58.557Z[UTC]",
    "searchQuery" : "the blaze",
    "searchInteractionURIs" : [
    ]
  },
  {
    "platform" : "ANDROID_ARM",
    "searchTime" : "2022-11-19T15:30:23.867Z[UTC]",
    "searchQuery" : "a",
    "searchInteractionURIs" : [
    ]
  },
  {
    "platform" : "ANDROID_ARM",
    "searchTime" : "2022-11-19T15:30:23.910Z[UTC]",
    "searchQuery" : "and",
    "searchInteractionURIs" : [
    ]
  },
  {
    "platform" : "ANDROID_ARM",
    "searchTime" : "2022-11-19T15:30:25.117Z[UTC]",
    "searchQuery" : "andre",
    "searchInteractionURIs" : [
    ]
  },
  {
    "platform" : "ANDROID",
    "searchTime" : "2022-11-19T15:30:27.662Z[UTC]",
    "searchQuery" : "andrew chen",
    "searchInteractionURIs" : [
      "spotify:episode:5FRhPyrb6oWNUXYTvk15F3"
    ]
  },
  {
    "platform" : "ANDROID_ARM",
    "searchTime" : "2022-11-19T22:39:31.833Z[UTC]",
    "searchQuery" : "max ",
    "searchInteractionURIs" : [
    ]
  },
  {
    "platform" : "ANDROID",
    "searchTime" : "2022-11-19T22:39:35.267Z[UTC]",
    "searchQuery" : "max coo",
    "searchInteractionURIs" : [
      "spotify:artist:0WSSKmoRbxqLf3MnXInQ2J"
    ]
  },
  {
    "platform" : "ANDROID_ARM",
    "searchTime" : "2022-11-19T23:48:54.940Z[UTC]",
    "searchQuery" : "perfe",
    "searchInteractionURIs" : [
    ]
  },
  {
    "platform" : "ANDROID_ARM",
    "searchTime" : "2022-11-19T23:49:02.770Z[UTC]",
    "searchQuery" : "perfect 10 ca",
    "searchInteractionURIs" : [
    ]
  },
  {
    "platform" : "ANDROID",
    "searchTime" : "2022-11-19T23:49:04.946Z[UTC]",
    "searchQuery" : "perfect 10 car",
    "searchInteractionURIs" : [
      "spotify:track:54sXPESEG9gWJayy8hMSCY"
    ]
  },
  {
    "platform" : "",
    "searchTime" : "2022-11-20T00:06:27.038Z[UTC]",
    "searchQuery" : "k",
    "searchInteractionURIs" : [
    ]
  },
  {
    "platform" : "",
    "searchTime" : "2022-11-20T00:06:27.736Z[UTC]",
    "searchQuery" : "ka",
    "searchInteractionURIs" : [
    ]
  },
  {
    "platform" : "",
    "searchTime" : "2022-11-20T00:06:27.960Z[UTC]",
    "searchQuery" : "kad",
    "searchInteractionURIs" : [
    ]
  },
  {
    "platform" : "",
    "searchTime" : "2022-11-20T00:06:28.145Z[UTC]",
    "searchQuery" : "kada",
    "searchInteractionURIs" : [
    ]
  },
  {
    "platform" : "ANDROID",
    "searchTime" : "2022-11-20T00:06:30.179Z[UTC]",
    "searchQuery" : "kada",
    "searchInteractionURIs" : [
      "spotify:artist:11wRdbnoYqRddKBrpHt4Ue"
    ]
  },
  {
    "platform" : "ANDROID",
    "searchTime" : "2022-11-20T04:41:42.655Z[UTC]",
    "searchQuery" : "fred ",
    "searchInteractionURIs" : [
      "spotify:artist:4oLeXFyACqeem2VImYeBFe"
    ]
  },
  {
    "platform" : "ANDROID",
    "searchTime" : "2022-11-20T05:28:17.518Z[UTC]",
    "searchQuery" : "Hermans ",
    "searchInteractionURIs" : [
      "spotify:artist:73mSg0dykFyhvU96tb5xQV"
    ]
  },
  {
    "platform" : "ANDROID_ARM",
    "searchTime" : "2022-11-20T18:00:30.431Z[UTC]",
    "searchQuery" : "gui",
    "searchInteractionURIs" : [
    ]
  },
  {
    "platform" : "ANDROID",
    "searchTime" : "2022-11-20T18:00:35.117Z[UTC]",
    "searchQuery" : "guitar techno ",
    "searchInteractionURIs" : [
      "spotify:playlist:37i9dQZF1EIcvWWeXhD9Mj",
      "spotify:playlist:015oy16wExPPMDQC3DZzmm"
    ]
  },
  {
    "platform" : "ANDROID",
    "searchTime" : "2022-11-20T18:01:18.298Z[UTC]",
    "searchQuery" : "de school ",
    "searchInteractionURIs" : [
      "spotify:playlist:72mJJxpsZLTqa0HmBuRywe"
    ]
  },
  {
    "platform" : "OSX_X86_64",
    "searchTime" : "2022-11-22T09:15:37.499Z[UTC]",
    "searchQuery" : "gramek",
    "searchInteractionURIs" : [
    ]
  },
  {
    "platform" : "OSX_X86_64",
    "searchTime" : "2022-11-22T09:15:39.907Z[UTC]",
    "searchQuery" : "gramatoi",
    "searchInteractionURIs" : [
    ]
  },
  {
    "platform" : "OSX_X86_64",
    "searchTime" : "2022-11-22T13:12:30.123Z[UTC]",
    "searchQuery" : "chon",
    "searchInteractionURIs" : [
    ]
  },
  {
    "platform" : "OSX_X86_64",
    "searchTime" : "2022-11-22T13:12:30.192Z[UTC]",
    "searchQuery" : "chon",
    "searchInteractionURIs" : [
    ]
  },
  {
    "platform" : "OSX_X86_64",
    "searchTime" : "2022-11-24T16:57:46.855Z[UTC]",
    "searchQuery" : "n9",
    "searchInteractionURIs" : [
    ]
  },
  {
    "platform" : "ANDROID_ARM",
    "searchTime" : "2022-11-25T18:26:54.462Z[UTC]",
    "searchQuery" : "sn",
    "searchInteractionURIs" : [
    ]
  },
  {
    "platform" : "ANDROID",
    "searchTime" : "2022-11-25T18:27:02.431Z[UTC]",
    "searchQuery" : "snake j",
    "searchInteractionURIs" : [
      "spotify:track:4dUJl3Dnrh3igJTtSkxpuK",
      "spotify:track:4dUJl3Dnrh3igJTtSkxpuK"
    ]
  },
  {
    "platform" : "ANDROID",
    "searchTime" : "2022-11-25T18:39:17.432Z[UTC]",
    "searchQuery" : "whare",
    "searchInteractionURIs" : [
      "spotify:track:0KzAbK6nItSqNh8q70tb0K"
    ]
  },
  {
    "platform" : "ANDROID_ARM",
    "searchTime" : "2022-11-25T19:18:22.911Z[UTC]",
    "searchQuery" : "den s",
    "searchInteractionURIs" : [
    ]
  },
  {
    "platform" : "ANDROID",
    "searchTime" : "2022-11-25T19:18:25.848Z[UTC]",
    "searchQuery" : "den sorte",
    "searchInteractionURIs" : [
      "spotify:artist:3hJM3C96ucMuFeVNQ2D81t"
    ]
  },
  {
    "platform" : "OSX_X86_64",
    "searchTime" : "2022-11-26T18:55:17.482Z[UTC]",
    "searchQuery" : "the playlist",
    "searchInteractionURIs" : [
    ]
  },
  {
    "platform" : "ANDROID",
    "searchTime" : "2022-11-26T21:02:46.961Z[UTC]",
    "searchQuery" : "kaa",
    "searchInteractionURIs" : [
      "spotify:track:3poi95CMNu7G9h0q4qOxl3"
    ]
  },
  {
    "platform" : "ANDROID",
    "searchTime" : "2022-11-26T21:02:52.860Z[UTC]",
    "searchQuery" : "kaast",
    "searchInteractionURIs" : [
      "spotify:artist:7orlzf5LTqSnCzURkZFebN"
    ]
  }
]